campaign_id,campaign_name,platform_id,objective,region,total_impressions,total_clicks,total_conversions,total_spend,total_revenue,avg_ctr,avg_cpc,avg_roi,days_active,conv_rate,profit
106,Campaign_106,1,Sales,India,267797,16341,2520,26455.48,89359.05,6.057294791396038,1.7034441176726427,283.5353478038363,12,0.1542133284376721,62903.57000000001
108,Campaign_108,1,Awareness,India,387394,25812,3928,38100.520000000004,152346.83,6.719732491072241,1.6593270179790023,415.7958583496592,14,0.15217728188439486,114246.30999999998
